status_id,num_reactions,pred
1050855161656896_1060126464063099,2,1
1050855161656896_1062020473873698,9,2
1050855161656896_1075096739232738,8,0
1050855161656896_1075422549200157,10,0
1050855161656896_1075998879142524,50,0
1050855161656896_1077472635661815,11,0
1050855161656896_1077754805633598,10,0
1050855161656896_1079730855435993,9,0
1050855161656896_1090116271064118,256,0
1050855161656896_1096334073775671,23,0
1050855161656896_1101056653303413,5,0
1050855161656896_1114469971962081,9,0
1050855161656896_1117642204978191,117,0
1050855161656896_1145354242206987,63,0
1050855161656896_1149964931745918,185,2
1050855161656896_1158522910890120,15,2
1050855161656896_1184329494976128,203,1
1050855161656896_1193611060714638,207,0
1050855161656896_1215941701814907,36,2
1050855161656896_1232976596778084,5,0
1050855161656896_1339706342771775,253,20
1050855161656896_1341500015925741,61,0
1050855161656896_1342350635840679,7,0
1050855161656896_1342351255840617,14,0
1050855161656896_1342465582495851,22,0
1050855161656896_1342626595813083,51,1
1050855161656896_1342672452475164,211,100
1050855161656896_1348686921873717,32,1
1050855161656896_1349484061794003,18,0
1050855161656896_1349558781786531,17,0
1050855161656896_1349785701763839,142,16
1050855161656896_1351719188237157,178,21
1050855161656896_1352631754812567,20,1
1050855161656896_1354398624635880,229,21
1050855161656896_1354510004624742,4,0
1050855161656896_1356878307721245,180,15
1050855161656896_1357860400956369,159,12
1050855161656896_1361619573913785,12,0
1050855161656896_1363152630427146,116,11
1050855161656896_1365077140234695,123,8
1050855161656896_1365712426837833,50,1
1050855161656896_1365815480160861,70,0
1050855161656896_1365947926814283,7,0
1050855161656896_1366778846731191,19,1
1050855161656896_1366831593392583,17,0
1050855161656896_1366945246714551,49,0
1050855161656896_1368529333222809,78,0
1050855161656896_1369778776431198,198,17
1050855161656896_1371468142928928,114,11
1050855161656896_1371605386248537,22,0
1050855161656896_1373934456015630,28,3
1050855161656896_1374080006001075,199,67
1050855161656896_1374167419325667,112,5
1050855161656896_1375588859183523,20,0
1050855161656896_1377441338998275,10,0
1050855161656896_1377710445638031,224,39
1050855161656896_1378325978909811,251,6
1050855161656896_1378392942236448,405,49
1050855161656896_1378514118890997,64,3
1050855161656896_1378538872221855,349,48
1050855161656896_1381816085227467,20,0
1050855161656896_1382001535208922,228,3
1050855161656896_1383109475098128,100,18
1050855161656896_1383584258383983,52,0
1050855161656896_1383776095031466,78,0
1050855161656896_1383896831686059,134,6
1050855161656896_1385633188179090,61,0
1050855161656896_1387570374652038,134,0
1050855161656896_1390301324378943,57,1
1050855161656896_1390555521020190,459,61
1050855161656896_1390708877671521,553,61
1050855161656896_1392293400846402,64,0
1050855161656896_1392457124163363,83,8
1050855161656896_1394684910607251,86,1
1050855161656896_1395715620504180,115,9
1050855161656896_1396430950432647,98,1
1050855161656896_1398165846925824,325,6
1050855161656896_1399214953487580,302,7
1050855161656896_1399434776798931,69,2
1050855161656896_1400662670009475,97,0
1050855161656896_1400962226646186,634,52
1050855161656896_1402420423167033,337,6
1050855161656896_1404278736314535,463,5
1050855161656896_1404800666262342,60,1
1050855161656896_1405783892830686,333,5
1050855161656896_1407537659321976,61,1
1050855161656896_1408617685880640,28,0
1050855161656896_1411203468955395,117,1
1050855161656896_1411835382225537,108,1
1050855161656896_1412996378776104,121,1
1050855161656896_1413637898711952,123,1
1050855161656896_1414470355295373,446,70
1050855161656896_1416291185113290,286,23
1050855161656896_1417940354948373,81,0
1050855161656896_1418149124927496,141,35
1050855161656896_1420782107997531,302,29
1050855161656896_1422444124497996,517,160
1050855161656896_1424052201003855,356,7
1050855161656896_1424335697642172,125,9
1050855161656896_1425768904165518,50,0
1050855161656896_1430592637016478,46,0
1050855161656896_1433344290074646,70,0
1050855161656896_1437371193005289,47,1
1050855161656896_1443418109067264,350,6
1050855161656896_1446551955420546,269,5
1050855161656896_1454742881268120,184,2
1050855161656896_1455006224575119,165,1
1050855161656896_1455330341209374,31,0
1050855161656896_1455808597828215,77,1
1050855161656896_1458668634208878,85,1
1050855161656896_1459726157436459,55,0
1050855161656896_1463187840423624,42,3
1050855161656896_1463240140418394,47,0
1050855161656896_1464002927008782,57,0
1050855161656896_1466157623459979,83,0
1050855161656896_1469000683175673,355,188
1050855161656896_1469978123077929,228,32
1050855161656896_1469991476409927,45,0
1050855161656896_1470610839681324,53,1
1050855161656896_1471769736232101,306,5
1050855161656896_1473672056041869,109,1
1050855161656896_1473681132707628,303,116
1050855161656896_1475285042547237,186,2
1050855161656896_1476394002436341,63,1
1050855161656896_1478203122255429,109,0
1050855161656896_1479214068821001,299,29
1050855161656896_1479821085426966,369,7
1050855161656896_1480183758724032,139,13
1050855161656896_1482819191793822,77,62
1050855161656896_1482909775118097,36,0
1050855161656896_1484103168332091,10,0
1050855161656896_1485042228238185,19,0
1050855161656896_1485123861563355,28,0
1050855161656896_1485780284831046,29,0
1050855161656896_1485905068151901,66,4
1050855161656896_1485979498144458,56,3
1050855161656896_1486299268112481,113,4
1050855161656896_1486996908042717,56,0
1050855161656896_1487014421374299,71,0
1050855161656896_1487019884707086,15,0
1050855161656896_1487696417972766,101,27
1050855161656896_1488602887882119,45,0
1050855161656896_1488652794543795,82,0
1050855161656896_1488800111195730,50,0
1050855161656896_1490199484389126,14,0
1050855161656896_1495116993897375,132,0
1050855161656896_1495336167208791,247,70
1050855161656896_1495505687191839,22,0
1050855161656896_1496069667135441,43,1
1050855161656896_1499081623500912,62,2
1050855161656896_1499189580156783,147,0
1050855161656896_1499401493468925,59,3
1050855161656896_1500388526703555,31,0
1050855161656896_1501253099950431,34,0
1050855161656896_1501312133277861,4,0
1050855161656896_1501329639942777,10,0
1050855161656896_1501330273276047,6,0
1050855161656896_1501350943273980,11,1
1050855161656896_1502192449856496,42,0
1050855161656896_1502473076495100,21,2
1050855161656896_1503176083091466,26,0
1050855161656896_1503974446344963,47,0
1050855161656896_1504373476305060,66,0
1050855161656896_1504408539634887,48,1
1050855161656896_1504954332913641,28,0
1050855161656896_1504961882912886,1013,109
1050855161656896_1504997966242611,238,4
1050855161656896_1505874866154921,113,1
1050855161656896_1509421872466887,57,0
1050855161656896_1512648028810938,63,0
1050855161656896_1513246982084376,86,3
1050855161656896_1514473128628428,53,2
1050855161656896_1519739388101802,58,0
1050855161656896_1520132088062532,21,0
1050855161656896_1520154994726908,5,0
1050855161656896_1521687987906942,129,4
1050855161656896_1523051367770604,59,0
1050855161656896_1523702411038833,40,2
1050855161656896_1523962197679521,66,0
1050855161656896_1526187270790347,83,0
1050855161656896_1526948917380849,19,0
1050855161656896_1526994230709651,222,5
1050855161656896_1530075443734863,33,0
1050855161656896_1530969140312160,69,1
1050855161656896_1532044476871293,149,2
1050855161656896_1532846886791052,35,1
1050855161656896_1541813599227714,138,5
1050855161656896_1543581842384223,97,0
1050855161656896_1549129665162774,1,0
1050855161656896_1549153325160408,7,0
1050855161656896_1554697474605993,60,0
1050855161656896_1556155337793540,101,3
1050855161656896_1558770580865349,67,0
1050855161656896_1563221303753610,320,42
1050855161656896_1568822499860157,27,0
1050855161656896_1571558206253253,45,1
1050855161656896_1573953089347098,59,1
1050855161656896_1574142929328114,288,40
1050855161656896_1577612042314536,116,0
1050855161656896_1577822625626811,196,7
1050855161656896_1583702961705444,212,58
1050855161656896_1583799608362446,84,0
1050855161656896_1584203384988735,8,0
1050855161656896_1585921964816877,45,1
1050855161656896_1586004724808601,235,31
1050855161656896_1586093091466431,237,60
1050855161656896_1590677161008024,32,1
1050855161656896_1590831597659247,236,29
1050855161656896_1591242777618129,225,25
1050855161656896_1591362077606199,4,0
1050855161656896_1593020467440360,225,3
1050855161656896_1593396027402804,67,7
1050855161656896_1593960994012974,51,1
1050855161656896_1598796110196129,239,91
1050855161656896_1603708063038267,37,1
1050855161656896_1604424249633315,61,3
1050855161656896_1604443506298056,374,2
1050855161656896_1604652692943804,22,1
1050855161656896_1608335695908837,123,0
1050855161656896_1609362112472862,256,27
1050855161656896_1610422505700156,123,9
1050855161656896_1611167395625667,50,3
1050855161656896_1611356178940122,122,5
1050855161656896_1612101208865619,51,5
1050855161656896_1616943501714723,236,96
1050855161656896_1622831937792546,249,67
1050855161656896_1622940477781692,146,47
1050855161656896_1624685444273862,72,0
1050855161656896_1626939397381800,180,32
1050855161656896_1628706653871741,267,62
1050855161656896_1630480427027697,62,1
1050855161656896_1633407580068315,26,0
1050855161656896_1633635096712230,292,83
1050855161656896_1634180876657652,45,0
1050855161656896_1635232793219127,236,102
1050855161656896_1639234006152339,1228,0
1050855161656896_1639247369484336,1302,98
1050855161656896_1641996805876059,144,0
1050855161656896_1647004252041981,192,89
1050855161656896_1648635351878871,18,0
1050855161656896_1648636235212116,29,0
1050855161656896_1648770058532067,34,0
1050855161656896_1649654535110286,69,0
1050855161656896_1651835984892141,123,9
1050855161656896_1651965211545885,205,47
1050855161656896_1652208184854921,151,20
117059915488335_359260331268291,25,0
117059915488335_361675701026754,35,0
117059915488335_365642983963359,114,23
117059915488335_365643340629990,28,0
117059915488335_366131487247842,26,1
117059915488335_366784420515882,68,0
117059915488335_367042453823412,145,25
117059915488335_367286123799045,215,30
117059915488335_367819850412339,180,22
117059915488335_367964003731257,171,23
117059915488335_367993927061598,123,13
117059915488335_368368607024130,156,19
117059915488335_369026650291659,190,42
117059915488335_369412103586447,17,1
117059915488335_369528890241435,208,70
134115277150304_134116577150174,4,0
134115277150304_134116830483482,5,0
134115277150304_141075406454291,3,0
134115277150304_141408279754337,2,0
134115277150304_142333726328459,1,0
134115277150304_143355612892937,2,0
134115277150304_143916032836895,3,0
134115277150304_144248039470361,3,0
134115277150304_144253069469858,1,0
134115277150304_144254859469679,2,0
134115277150304_144562506105581,3,0
134115277150304_144714526090379,2,0
134115277150304_145592659335899,1,0
134115277150304_145632482665250,1,0
134115277150304_146014835960348,2,0
134115277150304_146020972626401,1,0
134115277150304_147944495767382,1,0
134115277150304_148761289019036,1,0
134115277150304_149075382320960,5,0
134115277150304_149091982319300,1,0
134115277150304_149191458976019,1,0
134115277150304_149524018942763,3,0
134115277150304_149922745569557,11,0
134115277150304_150727722155726,1,0
134115277150304_151069675454864,4,0
134115277150304_151071942121304,2,0
134115277150304_151460272082471,3,0
134115277150304_151544495407382,0,0
134115277150304_151829372045561,3,0
134115277150304_151842462044252,10,0
134115277150304_152753941953104,2,0
134115277150304_152759005285931,0,0
134115277150304_154347411793757,2,0
134115277150304_154349531793545,1,0
134115277150304_154650048430160,5,0
134115277150304_154661591762339,7,0
134115277150304_154756915086140,8,0
134115277150304_155206888374476,2,0
134115277150304_155475618347603,0,0
134115277150304_155644971664001,5,0
134115277150304_156254881603010,4,0
134115277150304_156646824897149,4,0
134115277150304_156677461560752,6,0
134115277150304_156974441531054,21,1
134115277150304_157892008105964,3,0
134115277150304_158157754746056,30,6
134115277150304_158560661372432,39,5
134115277150304_158926891335809,4,0
134115277150304_159228574638974,20,0
134115277150304_159920061236492,54,11
134115277150304_159956771232821,5,0
134115277150304_160655974496234,3,0
134115277150304_160863414475490,23,0
134115277150304_160986931129805,0,0
134115277150304_160992784462553,2,0
134115277150304_160993597795805,3,0
134115277150304_160996287795536,2,0
134115277150304_162229121005586,17,0
134115277150304_162999320928566,28,5
134115277150304_164080170820481,19,0
134115277150304_165855377309627,51,3
134115277150304_166240573937774,9,0
134115277150304_167029307192234,100,12
134115277150304_167384060490092,37,1
134115277150304_167648917130273,150,12
134115277150304_167958990432599,142,39
134115277150304_169579696937195,7,0
134115277150304_171186903443141,144,4
134115277150304_171442143417617,108,1
134115277150304_171972286697936,92,0
134115277150304_172847343277097,284,44
134115277150304_173784469850051,99,1
134115277150304_174026996492465,144,2
134115277150304_175032446391920,25,0
134115277150304_175228489705649,358,42
134115277150304_175388689689629,41,1
134115277150304_175632056331959,279,37
134115277150304_177035059524992,31,0
134115277150304_177039786191186,16,0
134115277150304_177558946139270,278,30
134115277150304_177898982771933,247,53
134115277150304_178171276078037,55,2
134115277150304_179158825979282,33,0
134115277150304_179351062626725,229,25
134115277150304_179683862593445,253,38
134115277150304_180302052531626,38,0
134115277150304_180701562491675,74,3
134115277150304_181004365794728,15,1
134115277150304_181886762373155,7,0
134115277150304_182201485675016,3,0
134115277150304_184381382123693,13,0
134115277150304_184382582123573,750,141
134115277150304_185045132057318,14,0
134115277150304_185417892020042,7,0
134115277150304_186379101923921,232,7
134115277150304_186631431898688,249,17
134115277150304_186942345200930,8,0
134115277150304_187330881828743,8,0
134115277150304_187776305117534,50,0
134115277150304_188768661684965,5,0
134115277150304_189006628327835,20,0
134115277150304_189039891657842,7,0
134115277150304_189135658314932,200,8
134115277150304_189628694932295,82,1
134115277150304_189718978256600,28,0
134115277150304_190303828198115,186,4
134115277150304_190868284808336,57,1
134115277150304_191044441457387,4,0
134115277150304_191141398114358,66,1
134115277150304_191338111428020,419,6
134115277150304_191350001426831,265,45
134115277150304_191404144754750,25,0
134115277150304_191482164746948,50,1
134115277150304_191705941391237,6,0
134115277150304_193641097864388,8,0
134115277150304_194202381141593,196,7
134115277150304_194304287798069,5,0
134115277150304_194883927740105,21,0
134115277150304_194885454406619,5,0
134115277150304_194928784402286,103,3
134115277150304_194934327735065,231,31
134115277150304_195276971034134,72,1
134115277150304_195563127672185,16,0
134115277150304_195564774338687,14,0
134115277150304_195567844338380,8,0
134115277150304_195573044337860,46,0
134115277150304_195640600997771,6,0
134115277150304_195955334299631,11,1
134115277150304_195964677632030,334,1
134115277150304_196254437603054,206,25
134115277150304_196588304236334,91,3
134115277150304_196669144228250,28,0
134115277150304_196669314228233,76,1
134115277150304_196701510891680,42,1
134115277150304_197764987451999,124,4
134115277150304_198089617419536,11,0
134115277150304_198102937418204,249,5
134115277150304_198136810748150,245,49
134115277150304_198407660721065,10,0
134115277150304_201030077125490,583,74
134115277150304_201122457116252,16,0
134115277150304_201182197110278,134,5
134115277150304_201757070386124,4,0
134115277150304_201890733706091,425,91
134115277150304_203171843577980,498,94
134115277150304_204022353492929,11,0
134115277150304_204186460143185,117,2
134115277150304_204500686778429,4,0
134115277150304_204507170111114,48,0
134115277150304_204848470076984,352,28
134115277150304_204905183404646,11,0
134115277150304_204950280066803,17,0
134115277150304_204950610066770,360,33
134115277150304_205403326688165,12,0
134115277150304_206220286606469,10,0
134115277150304_206880683207096,75,0
134115277150304_207194013175763,51,2
134115277150304_207211409840690,12,0
134115277150304_207500456478452,76,1
134115277150304_208307136397784,54,0
134115277150304_208919213003243,219,6
134115277150304_208921839669647,114,1
134115277150304_209389729622858,10,0
134115277150304_209640839597747,76,0
134115277150304_209683746260123,18,0
134115277150304_210933589468472,15,0
134115277150304_211295932765571,296,38
134115277150304_212703632624801,298,26
134115277150304_212978169264014,616,80
134115277150304_213134522581712,10,0
134115277150304_213597402535424,154,3
134115277150304_213966525831845,17,0
134115277150304_214266872468477,267,40
134115277150304_214620099099821,278,46
134115277150304_214657935762704,10,0
134115277150304_214964495732048,60,0
134115277150304_215595332335631,8,0
134115277150304_215952215633276,9,0
134115277150304_216526872242477,15,1
134115277150304_216618055566692,13,0
134115277150304_217134945515003,135,1
134115277150304_217180125510485,15,0
134115277150304_217579732137191,9,0
134115277150304_218342285394269,137,30
134115277150304_218343515394146,82,3
134115277150304_218752895353208,10,0
134115277150304_218993068662524,315,54
134115277150304_220168771878287,9,0
134115277150304_221259231769241,26,0
134115277150304_222125198349311,200,62
134115277150304_222199171675247,18,1
134115277150304_222326814995816,6,0
134115277150304_222479898313841,217,4
134115277150304_222483048313526,179,18
134115277150304_222495028312328,176,35
134115277150304_222812448280586,519,13
134115277150304_222891274939370,8,0
134115277150304_222891958272635,11,1
134115277150304_222967988265032,496,12
134115277150304_224152091479955,17,0
134115277150304_224514571443707,10,0
134115277150304_224814538080377,15,0
134115277150304_225184991376665,22,0
134115277150304_225623327999498,51,0
134115277150304_225648701330294,14,1
134115277150304_226028627958968,12,1
134115277150304_226229257938905,230,7
134115277150304_226314167930414,5,0
134115277150304_226546524573845,243,36
134115277150304_226952507866580,255,104
134115277150304_227044404524057,114,1
134115277150304_227062251188939,9,0
134115277150304_227142791180885,10,0
134115277150304_227721924456305,609,2
134115277150304_227840781111086,270,11
134115277150304_227870877774743,11,0
134115277150304_228538134374684,384,16
134115277150304_228845894343908,149,4
134115277150304_228892774339220,12,0
134115277150304_228937871001377,235,3
134115277150304_229239837637847,110,3
134115277150304_229286367633194,278,11
134115277150304_230019504226547,7,0
134115277150304_230361570859007,1273,67
134115277150304_230403744188123,9,0
134115277150304_230659104162587,217,0
134115277150304_230946984133799,154,4
134115277150304_231104817451349,33,1
134115277150304_231417714086726,11,0
134115277150304_231747197387111,10,0
134115277150304_232566423971855,103,0
134115277150304_232903200604844,21,0
134115277150304_233311193897378,1847,51
134115277150304_233766600518504,12,0
134115277150304_234725673755930,10,0
134115277150304_235117693716728,14,0
134115277150304_235136513714846,98,0
134115277150304_235563950338769,14,0
134115277150304_235801710314993,316,4
134115277150304_235810123647485,94,3
134115277150304_236320533596444,23,0
134115277150304_236670506894780,85,0
134115277150304_236900970205067,16,0
134115277150304_237358856825945,43,0
134115277150304_237414530153711,7,0
134115277150304_237645213463976,45,0
134115277150304_237683943460103,101,1
134115277150304_238006696761161,11,0
134115277150304_238090696752761,14,0
134115277150304_238555256706305,6,0
134115277150304_238838776677953,13,0
134115277150304_239125996649231,215,73
134115277150304_239163553312142,12,0
134115277150304_239279393300558,10,1
134115277150304_239455729949591,276,42
134115277150304_240207666541064,632,125
134115277150304_240562016505629,14,0
134115277150304_240637686498062,13,0
134115277150304_240897726472058,371,52
134115277150304_241347706427060,11,0
134115277150304_241622353066262,10,0
134115277150304_242355959659568,74,0
134115277150304_242385349656629,12,0
134115277150304_242969229598241,18,2
134115277150304_243777336184097,11,2
134115277150304_243848462843651,5,0
134115277150304_244092316152599,8,0
134115277150304_244152992813198,11,0
134115277150304_244288579466306,296,1
134115277150304_244410406120790,46,1
134115277150304_244723692756128,22,0
134115277150304_245216826040148,66,0
134115277150304_245415159353648,414,4
134115277150304_246142469280917,379,78
134115277150304_246263392602158,23,1
134115277150304_246335535928277,15,1
134115277150304_246623865899444,11,0
134115277150304_246860749209089,79,1
134115277150304_246904072538090,50,0
134115277150304_247353839159780,637,11
134115277150304_248369139058250,71,0
134115277150304_248522502376247,471,4
134115277150304_248984278996736,10,0
134115277150304_249292998965864,43,2
134115277150304_249712542257243,18,0
134115277150304_250322645529566,7,0
134115277150304_250653948829769,404,66
134115277150304_250970908798073,166,1
134115277150304_251041358791028,7,0
134115277150304_251122028782961,65,0
134115277150304_251289345432896,7,0
134115277150304_251530792075418,9,0
134115277150304_252055225356308,358,64
134115277150304_252120242016473,25,0
134115277150304_252209088674255,5,0
134115277150304_252598641968633,210,3
134115277150304_252792555282575,117,0
134115277150304_252995345262296,71,1
134115277150304_253206958574468,52,0
134115277150304_253430815218749,3,0
134115277150304_253729745188856,19,0
134115277150304_254049781823519,3,0
134115277150304_254141478481016,5,0
134115277150304_255044575057373,6,0
134115277150304_255177835044047,74,0
134115277150304_255198575041973,2,0
134115277150304_255409678354196,138,0
134115277150304_255577458337418,3,0
134115277150304_255579338337230,511,9
134115277150304_255902584971572,156,1
134115277150304_256092081619289,242,47
134115277150304_256138184948012,7,0
134115277150304_256918544869976,8,0
134115277150304_257195851508912,17,0
134115277150304_257299724831858,7,0
134115277150304_257557814806049,17,0
134115277150304_257630164798814,2,0
134115277150304_257688051459692,72,0
134115277150304_257697138125450,9,0
134115277150304_258053674756463,7,0
134115277150304_258433484718482,12,0
134115277150304_258976081330889,50,1
134115277150304_259165564645274,488,90
134115277150304_259394744622356,8,0
134115277150304_259583917936772,133,3
134115277150304_259660397929124,19,0
134115277150304_259873131241184,80,1
134115277150304_259881101240387,318,2
134115277150304_260161884545642,81,2
134115277150304_260281021200395,10,0
134115277150304_260809957814168,303,59
134115277150304_261259784435852,23,0
134115277150304_261537571074740,8,1
134115277150304_261716644390166,23,1
134115277150304_261778714383959,8,0
134115277150304_263680447527119,9,1
134115277150304_263902884171542,51,2
134115277150304_264416247453539,72,3
134115277150304_264493694112461,56,1
134115277150304_264734487421715,12,0
134115277150304_265172584044572,15,0
134115277150304_265183510710146,56,1
134115277150304_265397507355413,2,0
134115277150304_265810657314098,236,24
134115277150304_266148643946966,54,0
134115277150304_266231430605354,21,0
134115277150304_266235537271610,44,0
134115277150304_266519653909865,17,0
134115277150304_267202493841581,191,37
134115277150304_267248903836940,12,0
134115277150304_267313647163799,127,4
134115277150304_267476160480881,4,0
134115277150304_267828460445651,14,0
134115277150304_267889837106180,42,0
134115277150304_267958367099327,5,0
134115277150304_268546963707134,72,0
134115277150304_268594230369074,94,1
134115277150304_268867163675114,8,0
134115277150304_268895213672309,57,1
134115277150304_268995406995623,20,1
146481362756646_176474103090705,70,0
146481362756646_178595879545194,316,4
146481362756646_181638149240967,99,2
146481362756646_182885652449550,187,4
146481362756646_183071725764276,110,2
146481362756646_185019308902851,155,4
146481362756646_186267735444675,53,3
146481362756646_186507378754044,73,1
146481362756646_188426691895446,342,10
146481362756646_202390480499067,96,0
146481362756646_203154817089300,128,1
146481362756646_212405156164266,397,9
146481362756646_216708045733977,181,2
146481362756646_217184429019672,287,4
146481362756646_220973581974090,300,0
146481362756646_220995345305247,211,2
146481362756646_223153735089408,307,5
146481362756646_228464764558305,287,4
146481362756646_230427021028746,244,3
146481362756646_232013930870055,214,1
146481362756646_233493934055388,177,3
146481362756646_235960853808696,414,0
146481362756646_236411473763634,358,4
146481362756646_242495163155265,345,4
146481362756646_243139116424203,391,0
146481362756646_243887503016031,1386,9
146481362756646_247738095964305,581,6
146481362756646_254877441917037,287,1
146481362756646_255654631839318,250,34
146481362756646_259346618136786,1048,156
146481362756646_260798721324909,808,168
146481362756646_262450227826425,426,6
146481362756646_263001384437976,359,4
146481362756646_264132064324908,835,215
146481362756646_265494024188712,257,5
146481362756646_265827687488679,509,3
146481362756646_266401984097916,565,7
146481362756646_268940917177356,185,2
146481362756646_269598710444910,624,6
146481362756646_270740560330725,256,27
146481362756646_271598460244935,984,196
246675545449582_1000437563406706,114,1
246675545449582_1002606933189769,248,38
246675545449582_1003389676444828,230,6
246675545449582_1004005379716591,180,32
246675545449582_1004062119710917,120,3
246675545449582_1004073969709732,49,1
246675545449582_1004819752968487,198,49
246675545449582_1008142405969555,54,1
246675545449582_1008617842588678,185,3
246675545449582_1011553145628481,226,35
246675545449582_1013693358747793,265,6
246675545449582_1017514555032340,177,2
246675545449582_1020779254705870,155,12
246675545449582_1022047454579050,302,48
246675545449582_1028265153957280,50,1
246675545449582_1028267547290374,109,2
246675545449582_1031915473592248,122,1
246675545449582_1043161212467674,148,2
246675545449582_1043360572447738,272,4
246675545449582_1049434851840310,153,3
246675545449582_1051128795004249,33,1
246675545449582_1052246634892465,93,4
246675545449582_1055088081274987,109,5
246675545449582_1058783620905433,169,15
246675545449582_1058892917561170,111,6
246675545449582_1062454820538313,195,5
246675545449582_1064407067009755,148,4
246675545449582_1066827263434402,268,44
246675545449582_1067041433412985,296,30
246675545449582_1068510053266123,187,5
246675545449582_1068693346581127,63,0
246675545449582_1071143006336161,102,2
246675545449582_1071413999642395,96,0
246675545449582_1071564252960703,190,5
246675545449582_1072357409548054,199,1
246675545449582_1073422289441566,476,12
246675545449582_1074303239353471,245,3
246675545449582_1074708499312945,122,7
246675545449582_1075572685893193,164,8
246675545449582_1076122922504836,37,2
246675545449582_1076338039149991,379,3
246675545449582_1076345245815937,247,8
246675545449582_1077067919077003,41,1
246675545449582_1077325272384601,264,3
246675545449582_1080018492115279,234,6
246675545449582_1080023865448075,86,1
246675545449582_1081469945303467,149,5
246675545449582_1081800408603754,99,2
246675545449582_1082247548559040,2,0
246675545449582_1083917665058695,124,4
246675545449582_1083918448391950,86,4
246675545449582_1085847048199090,182,2
246675545449582_1101125083337953,38,0
246675545449582_1102277329889395,77,0
246675545449582_1103306073119854,113,2
246675545449582_1127110410739420,170,11
246675545449582_1130936990356762,245,32
246675545449582_1132905676826560,445,123
246675545449582_1133476640102797,543,130
246675545449582_1135961669854294,320,11
246675545449582_1140401796076948,358,73
246675545449582_1145729508877510,542,11
246675545449582_1146771785439949,152,1
246675545449582_1146916275425500,192,3
246675545449582_1146994878750973,210,7
246675545449582_1147185192065275,333,6
246675545449582_1147205385396589,135,3
246675545449582_1148100295307098,163,3
246675545449582_1148113975305730,235,4
246675545449582_1148778498572611,223,5
246675545449582_1148908718559589,296,3
246675545449582_1149785171805277,211,4
246675545449582_1150804555036672,478,11
246675545449582_1152110821572712,151,13
246675545449582_1152913828159078,905,39
246675545449582_1153045071479287,353,9
246675545449582_1157109567739504,304,5
246675545449582_1159059407544520,254,2
246675545449582_1163021547148306,403,8
246675545449582_1164079123709215,306,3
246675545449582_1169554633161664,161,3
246675545449582_1170184399765354,446,79
246675545449582_1174655055984955,535,23
246675545449582_1184777364972724,301,6
246675545449582_1186387618145032,209,4
246675545449582_1192139650903162,138,11
246675545449582_1193948517388942,155,2
246675545449582_1196034470513680,158,1
246675545449582_1198739810243146,225,6
246675545449582_1202681639848963,213,1
246675545449582_1204766949640432,99,1
246675545449582_1206677249449402,51,0
246675545449582_1211991745584619,63,0
246675545449582_1213633825420411,84,0
246675545449582_1221151348001992,591,75
246675545449582_1223077674476026,418,9
246675545449582_1223157987801328,526,10
246675545449582_1223199424463851,285,8
246675545449582_1225220974261696,213,6
246675545449582_1225558117561315,272,2
246675545449582_1229012967215830,1379,198
246675545449582_1231242440326216,286,19
246675545449582_1231328130317647,121,11
246675545449582_1233650100085450,97,2
246675545449582_1235278706589256,161,3
246675545449582_1237407966376330,23,1
246675545449582_1240323252751468,85,4
246675545449582_1247680408682419,214,5
246675545449582_1250654545051672,218,6
246675545449582_1251371934979933,400,6
246675545449582_1253204511463342,97,3
246675545449582_1254116288038831,248,3
246675545449582_1254118221371971,48,0
246675545449582_1256629337787526,318,4
246675545449582_1259500860833707,178,3
246675545449582_1262105903906536,188,4
246675545449582_1263257983791328,264,5
246675545449582_1264410220342771,287,0
246675545449582_1265081296942330,252,9
246675545449582_1270186029765190,127,2
246675545449582_1270221603094966,272,30
246675545449582_1272251959558597,166,7
246675545449582_1276013659182427,228,7
246675545449582_1278450792272047,177,2
246675545449582_1280453208738472,15,0
246675545449582_1288754317908361,22,0
246675545449582_1298172296966563,67,0
246675545449582_1314133352037124,305,11
246675545449582_1315090955274697,122,8
246675545449582_1317039571746502,218,5
246675545449582_1318160668301059,387,12
246675545449582_1318896854894107,152,5
246675545449582_1319045328212593,247,9
246675545449582_1319907678126358,313,7
246675545449582_1331760736941052,299,8
246675545449582_1332714503512342,383,16
246675545449582_1342399675877158,186,1
246675545449582_1343559165761209,96,1
246675545449582_1346580615459064,138,4
246675545449582_1347432472040545,369,7
246675545449582_1359829454134180,618,18
246675545449582_1360915977358861,248,7
246675545449582_1365188530264939,94,0
246675545449582_1365608996889559,475,59
246675545449582_1367261536724305,29,0
246675545449582_1370957466354712,42,1
246675545449582_1372031632913962,133,0
246675545449582_1373053352811790,368,48
246675545449582_1374922852624840,74,0
246675545449582_1375841469199645,30,0
246675545449582_1377472849036507,16,1
246675545449582_1379278652189260,182,5
246675545449582_1379424162174709,47,0
246675545449582_1380211685429290,161,8
246675545449582_1381004085350050,219,62
246675545449582_1385219348261857,80,1
246675545449582_1388082824642176,18,0
246675545449582_1388230471294078,82,1
246675545449582_1391645867619205,119,2
246675545449582_1391646507619141,110,0
246675545449582_1391704667613325,192,100
246675545449582_1392132690903856,64,5
246675545449582_1394887663961692,26,0
246675545449582_1395111113939347,98,2
246675545449582_1400641396719652,181,1
246675545449582_1401614789955646,374,29
246675545449582_1411323222318136,40,1
246675545449582_1413090338808091,43,2
246675545449582_1413298985453893,201,4
246675545449582_1419833428133782,175,13
246675545449582_1420707958046329,337,33
246675545449582_1420888391361619,103,4
246675545449582_1422162634567528,252,43
246675545449582_1423672414416550,104,10
246675545449582_1423676417749483,226,55
246675545449582_1433620366755088,16,0
246675545449582_1434870273296764,15,0
246675545449582_1440443499406108,27,1
246675545449582_1443547965762328,280,33
246675545449582_1444306942353097,51,0
246675545449582_1445261388924319,97,0
246675545449582_1445552635561861,269,62
246675545449582_1448558785261246,212,11
246675545449582_1450141395102985,1005,12
246675545449582_1451078198342638,203,7
246675545449582_1451093285007796,553,10
246675545449582_1454277441356047,146,1
246675545449582_1466481810135610,36,2
246675545449582_1474958169287974,1493,137
246675545449582_1475847732532351,421,43
246675545449582_1495724170544707,33,1
246675545449582_1551534661630324,62,0
246675545449582_1552783698172087,94,0
246675545449582_1557066321077158,57,1
246675545449582_1557086421075148,216,12
246675545449582_1561178647332592,206,100
246675545449582_1561427387307718,66,1
246675545449582_1563042160479574,289,32
246675545449582_1563157113801412,517,62
246675545449582_1568291729954617,279,35
246675545449582_1570062096444247,148,11
246675545449582_1571313049652485,211,55
246675545449582_1576207142496409,119,12
246675545449582_1577078175742639,77,2
246675545449582_1585003828283407,236,32
246675545449582_1592459934204463,171,17
246675545449582_1594428064007650,84,5
246675545449582_1601516779965445,125,8
246675545449582_1603743213076135,85,2
246675545449582_1607114469405676,145,7
246675545449582_1612652492185207,90,5
246675545449582_1619188648198258,221,22
246675545449582_1622470701203386,150,12
246675545449582_1626584134125376,135,13
246675545449582_1632874756829647,346,11
246675545449582_1635730986544024,209,8
246675545449582_1637655039684952,210,7
246675545449582_1644824665634656,295,44
246675545449582_1645650162218773,217,5
246675545449582_1648576705259452,111,0
246675545449582_246689645448172,13,0
246675545449582_246701552113648,15,0
246675545449582_246750718775398,24,0
246675545449582_246983925418744,31,0
246675545449582_247276378722832,29,0
246675545449582_247323175384819,19,0
246675545449582_247642612019542,18,0
246675545449582_247654205351716,15,0
246675545449582_249020721881731,15,0
246675545449582_249240038526466,34,0
246675545449582_249545791829224,22,0
246675545449582_249677875149349,16,0
246675545449582_249863588464111,30,0
246675545449582_249921518458318,18,0
246675545449582_250223081761495,28,0
246675545449582_250346895082447,37,0
246675545449582_250538165063320,38,0
246675545449582_250605655056571,13,0
246675545449582_250985048351965,19,0
246675545449582_251934274923709,13,0
246675545449582_252525541531249,18,0
246675545449582_253471628103307,13,0
246675545449582_253618711421932,15,0
246675545449582_253812624735874,10,0
246675545449582_254424924674644,13,0
246675545449582_254583994658737,22,0
246675545449582_254584864658650,25,0
246675545449582_254918244625312,19,0
246675545449582_255252671258536,18,0
246675545449582_255514004565736,15,0
246675545449582_255588291224974,23,0
246675545449582_255842134532923,23,0
246675545449582_255918684525268,12,0
246675545449582_255921641191639,21,0
246675545449582_256239017826568,21,0
246675545449582_256638551119948,13,0
246675545449582_256640847786385,21,0
246675545449582_256867524430384,24,0
246675545449582_256872531096550,18,0
246675545449582_257560654361071,14,0
246675545449582_257562127694257,13,0
246675545449582_257565891027214,17,0
246675545449582_257567334360403,24,0
246675545449582_257569977693472,21,0
246675545449582_257855050998298,26,0
246675545449582_258091590974644,20,0
246675545449582_258100880973715,26,0
246675545449582_258156694301467,20,0
246675545449582_258404400943363,16,0
246675545449582_258424687608001,21,0
246675545449582_258454394271697,13,0
246675545449582_258471624269974,28,0
246675545449582_258707684246368,15,0
246675545449582_259029017547568,26,0
246675545449582_259065807543889,20,0
246675545449582_259113194205817,12,0
246675545449582_259142454202891,38,0
246675545449582_259758314141305,26,0
246675545449582_259778640805939,25,0
246675545449582_259994964117640,37,0
246675545449582_260039407446529,19,0
246675545449582_260342814082855,16,0
246675545449582_260346567415813,21,0
246675545449582_260677590716044,9,0
246675545449582_260687440715059,10,0
246675545449582_260764287374041,49,0
246675545449582_260972190686584,38,0
246675545449582_261790867271383,21,0
246675545449582_261811090602694,19,0
246675545449582_262037750580028,14,0
246675545449582_262394260544377,21,0
246675545449582_262499530533850,16,0
246675545449582_262548747195595,344,0
246675545449582_262748423842294,13,0
246675545449582_262833670500436,17,0
246675545449582_262836620500141,22,0
246675545449582_263019493815187,12,0
246675545449582_263516363765500,21,0
246675545449582_263829537067516,22,0
246675545449582_263839097066560,36,0
246675545449582_264078163709320,23,0
246675545449582_264081010375702,25,0
246675545449582_264397323677404,22,0
246675545449582_264494350334368,18,0
246675545449582_264495450334258,22,0
246675545449582_264938946956575,14,0
246675545449582_265097336940736,12,0
246675545449582_265109326939537,12,0
246675545449582_265165350267268,11,0
246675545449582_265215636928906,32,0
246675545449582_265437903573346,35,0
246675545449582_266722150111588,10,0
246675545449582_266741873442949,37,0
246675545449582_267151946735275,21,0
246675545449582_267495986700871,30,0
246675545449582_267567916693678,31,0
246675545449582_267619420021861,23,0
246675545449582_267632010020602,20,0
246675545449582_267636310020172,28,0
246675545449582_267673203349816,16,0
246675545449582_267974173319719,24,0
246675545449582_268219903295146,27,0
246675545449582_268245649959238,20,0
246675545449582_268344216616048,19,0
246675545449582_268643069919496,33,0
246675545449582_268657659918037,10,0
246675545449582_269026903214446,14,0
246675545449582_269379829845820,22,0
246675545449582_269386399845163,11,0
246675545449582_269421366508333,4,0
246675545449582_269683413148795,13,0
246675545449582_269703849813418,10,0
246675545449582_269825436467926,1,0
246675545449582_269832636467206,13,0
246675545449582_270321023085034,19,0
246675545449582_270543859729417,16,0
246675545449582_270925296357940,22,0
246675545449582_271222176328252,8,0
246675545449582_271244626326007,24,0
246675545449582_271565086293961,13,0
246675545449582_271902172926919,24,0
246675545449582_271967746253695,25,0
246675545449582_272262656224204,15,0
246675545449582_272319106218559,15,0
246675545449582_272366346213835,15,0
246675545449582_272673762849760,19,0
246675545449582_272674222849714,24,0
246675545449582_272688006181669,23,0
246675545449582_272692246181245,14,0
246675545449582_273029492814187,32,0
246675545449582_273306249453178,20,0
246675545449582_273682662748870,31,0
246675545449582_274685602648576,32,0
246675545449582_275389539244849,11,0
246675545449582_275813012535835,14,0
246675545449582_276555725794897,24,0
246675545449582_277141575736312,32,0
246675545449582_277141749069628,13,0
246675545449582_278281158955687,27,0
246675545449582_278288792288257,26,0
246675545449582_278583092258827,16,0
246675545449582_278647422252394,26,0
246675545449582_278986572218479,35,0
246675545449582_279354752181661,12,0
246675545449582_279359715514498,35,0
246675545449582_279365285513941,14,0
246675545449582_279995755450894,24,0
246675545449582_280458095404660,15,0
246675545449582_280693432047793,41,0
246675545449582_280768225373647,24,0
246675545449582_280791635371306,35,0
246675545449582_280792805371189,43,0
246675545449582_281078595342610,21,0
246675545449582_281826428601160,17,0
246675545449582_282722211844915,20,0
246675545449582_283756338408169,26,0
246675545449582_284212951695841,22,0
246675545449582_284594641657672,23,0
246675545449582_284698388313964,42,0
246675545449582_284967211620415,13,0
246675545449582_285311448252658,47,0
246675545449582_285638998219903,22,0
246675545449582_285651371551999,42,0
246675545449582_286654584785011,19,0
246675545449582_286984161418720,11,0
246675545449582_299212316862571,3,0
246675545449582_302341609882975,4,0
246675545449582_310184815765321,48,0
246675545449582_311271188990017,58,0
246675545449582_311319315651871,52,0
246675545449582_311525595631243,30,0
246675545449582_311777885606014,83,0
246675545449582_312097692240700,16,0
246675545449582_312160808901055,25,0
246675545449582_313080805475722,12,0
246675545449582_313410195442783,10,0
246675545449582_313915475392255,46,0
246675545449582_314589495324853,2,0
246675545449582_315868761863593,11,0
246675545449582_316107661839703,5,0
246675545449582_317488981701571,105,0
246675545449582_317636971686772,31,0
246675545449582_317637438353392,47,0
246675545449582_318217248295411,48,0
246675545449582_321106211339848,90,0
246675545449582_322730471177422,65,0
246675545449582_323245541125915,94,0
246675545449582_323358047781331,54,0
246675545449582_323935487723587,38,0
246675545449582_325274214256381,44,0
246675545449582_325628867554249,55,0
246675545449582_325749960875473,26,0
246675545449582_325753610875108,34,0
246675545449582_326883450762124,211,0
246675545449582_332209926896143,78,0
246675545449582_332333546883781,87,0
246675545449582_332339183549884,84,0
246675545449582_332358580214611,33,0
246675545449582_333811806735955,18,0
246675545449582_336281293155673,35,0
246675545449582_336537203130082,53,0
246675545449582_336584753125327,71,0
246675545449582_336663423117460,56,0
246675545449582_337206946396441,5,0
246675545449582_337219779728491,52,0
246675545449582_337717546345381,50,0
246675545449582_338097119640757,67,0
246675545449582_338695832914219,25,0
246675545449582_340391262744676,76,0
246675545449582_341967849253684,65,0
246675545449582_342638689186600,61,0
246675545449582_343215999128869,2,0
246675545449582_343763949074074,48,0
246675545449582_344413109009158,25,0
246675545449582_346022885514847,64,0
246675545449582_352180214899114,45,0
246675545449582_352656454851490,26,0
246675545449582_352671068183362,22,0
246675545449582_356273044489831,131,0
246675545449582_357066397743829,34,0
246675545449582_357124181071384,13,0
246675545449582_360433917407077,43,0
246675545449582_363426420441160,0,0
246675545449582_363678543749281,48,0
246675545449582_363708990412903,40,0
246675545449582_370537743063361,78,0
246675545449582_371373966313072,3,0
246675545449582_372840622833073,16,0
246675545449582_373545036095965,38,0
246675545449582_375933195857149,7,0
246675545449582_376092745841194,7,0
246675545449582_379402265510242,79,0
246675545449582_380665438717258,43,0
246675545449582_380791765371292,69,0
246675545449582_382269478556854,8,0
246675545449582_384106061706529,19,0
246675545449582_385045451612590,7,0
246675545449582_386500831467052,58,0
246675545449582_387597528024049,28,0
246675545449582_388155081301627,17,0
246675545449582_388155421301593,20,0
246675545449582_388670317916770,39,0
246675545449582_388978664552602,28,0
246675545449582_390540577729744,73,0
246675545449582_394719633978505,12,0
246675545449582_402393386544463,104,0
246675545449582_403880559729079,79,0
246675545449582_404204383030030,54,0
246675545449582_410336362416832,8,0
246675545449582_410336712416797,74,0
246675545449582_410456689071466,45,0
246675545449582_425066200943848,1,0
246675545449582_428894927227642,10,0
246675545449582_429583263825475,537,0
246675545449582_429583263825475,537,0
246675545449582_429608957156239,137,0
246675545449582_430035993780202,28,0
246675545449582_436014826515652,74,0
246675545449582_438269296290205,44,0
246675545449582_439854762798325,59,0
246675545449582_441137882670013,84,0
246675545449582_442100929240375,23,0
246675545449582_443085649141903,87,0
246675545449582_443485719101896,386,0
246675545449582_443947925722342,83,0
246675545449582_444046869045781,165,0
246675545449582_445279565589178,22,0
246675545449582_447407612043040,1201,0
246675545449582_447735918676876,113,0
246675545449582_447937895323345,52,0
246675545449582_448915918558876,45,0
246675545449582_449377235179411,75,0
246675545449582_450453125071822,65,0
246675545449582_450959568354511,130,0
246675545449582_450981168352351,141,0
246675545449582_452512598199208,58,0
246675545449582_455640471219754,135,0
246675545449582_455957537854714,304,0
246675545449582_456028807847587,438,0
246675545449582_456029094514225,211,0
246675545449582_457435924373542,215,0
246675545449582_460744017376066,23,0
246675545449582_461979717252496,200,0
246675545449582_462299720553829,203,0
246675545449582_462854083831726,179,0
246675545449582_462914953825639,174,0
246675545449582_463308273786307,506,0
246675545449582_463760983741036,95,0
246675545449582_463762433740891,154,0
246675545449582_463942093722925,638,0
246675545449582_464230550360746,66,0
246675545449582_464387237011744,113,0
246675545449582_466502583466876,326,0
246675545449582_466571653459969,92,0
246675545449582_468712469912554,183,0
246675545449582_472275246222943,102,0
246675545449582_475096622607472,562,0
246675545449582_475120712605063,91,0
246675545449582_475608462556288,225,0
246675545449582_476118502505284,216,0
246675545449582_478492635601204,51,0
246675545449582_479242322192902,75,0
246675545449582_480279698755831,34,0
246675545449582_480330365417431,100,0
246675545449582_480759822041152,53,0
246675545449582_480761058707695,42,0
246675545449582_481554365295031,271,0
246675545449582_482215198562281,46,0
246675545449582_483747651742369,152,0
246675545449582_486810401436094,202,0
246675545449582_488858931231241,107,0
246675545449582_489273294523138,6,0
246675545449582_489628234487644,421,0
246675545449582_496556370461497,308,0
246675545449582_496722337111567,543,0
246675545449582_497635093686958,321,0
246675545449582_499714960145638,489,0
246675545449582_500604630056671,969,0
246675545449582_503899943060473,906,0
246675545449582_504952289621905,233,0
246675545449582_505106179606516,412,0
246675545449582_505444629572671,424,0
246675545449582_505901636193637,530,0
246675545449582_510429085740892,688,0
246675545449582_511575388959595,109,0
246675545449582_514171958699938,350,0
246675545449582_514570818660052,589,0
246675545449582_514985835285217,244,0
246675545449582_515022071948260,461,0
246675545449582_516868458430288,551,0
246675545449582_517212941729173,2669,0
246675545449582_517700661680401,450,0
246675545449582_517753945008406,685,0
246675545449582_517818365001964,922,0
246675545449582_517844901665977,637,0
246675545449582_518231948293939,722,0
246675545449582_518645338252600,562,0
246675545449582_520115968105537,665,0
246675545449582_523608927756241,1989,0
246675545449582_525160884267712,1923,0
246675545449582_526047490845718,1325,0
246675545449582_532920483491752,972,0
246675545449582_535722259878241,544,0
246675545449582_536303883153412,442,0
246675545449582_538550386262095,924,0
246675545449582_538709162912884,322,0
246675545449582_540297392754061,572,0
246675545449582_542061452577655,187,0
246675545449582_544515322332268,641,0
246675545449582_545774125539721,406,0
246675545449582_546672298783237,156,0
246675545449582_554811834635950,148,0
246675545449582_554817904635343,653,0
246675545449582_556806791103121,463,0
246675545449582_558439210939879,519,0
246675545449582_561322180651582,640,0
246675545449582_563661650417635,228,0
246675545449582_568713339912466,230,0
246675545449582_569313473185786,1058,0
246675545449582_576218882495245,1211,0
246675545449582_577219965728470,357,0
246675545449582_585223838261416,753,0
246675545449582_586850424765424,1529,0
246675545449582_590217944428672,2081,0
246675545449582_595252003925266,1053,0
246675545449582_599900663460400,212,0
246675545449582_604434169673716,1343,0
246675545449582_604932196290580,1781,0
246675545449582_605650549552078,616,0
246675545449582_620410368076096,7,0
246675545449582_658625087587957,16,0
246675545449582_682315955218870,1294,0
246675545449582_686432101473922,366,0
246675545449582_688381457945653,264,0
246675545449582_688498931267239,2149,0
246675545449582_689490097834789,2621,0
246675545449582_690063297777469,1492,0
246675545449582_691865314263934,1342,0
246675545449582_692569777526821,1469,0
246675545449582_694755530641579,2674,0
246675545449582_695680550549077,1667,0
246675545449582_696259047157894,1714,0
246675545449582_699133863537079,1484,0
246675545449582_704592196324579,1126,0
246675545449582_705304202920045,1500,0
246675545449582_706137869503345,1272,0
246675545449582_708484332602032,1630,0
246675545449582_708945805889218,1032,0
246675545449582_709134189203713,1473,0
246675545449582_711628645620934,1010,0
246675545449582_718240061626459,956,0
246675545449582_725975544186244,2157,0
246675545449582_727447280705737,2105,0
246675545449582_734001516716980,2051,0
246675545449582_734171906699941,2309,0
246675545449582_734535473330251,3190,0
246675545449582_737649843018814,2320,0
246675545449582_741982785918853,1997,0
246675545449582_741983865918745,2032,0
246675545449582_742362079214257,2492,0
246675545449582_748066338643831,2332,0
246675545449582_748803681903430,2402,0
246675545449582_750371691746629,2346,0
246675545449582_750371915079940,2253,0
246675545449582_752441721539626,3639,0
246675545449582_752854824831649,1892,0
246675545449582_753799774737154,2026,0
246675545449582_754110014706130,2634,0
246675545449582_754612414655890,1931,0
246675545449582_760678200715978,2174,0
246675545449582_760831574033974,2329,0
246675545449582_762033163913815,2319,0
246675545449582_762642560519542,2074,0
246675545449582_763943723722759,2273,0
246675545449582_763969903720141,6,0
246675545449582_764641986986266,2028,0
246675545449582_767385823378549,2382,0
246675545449582_768472296603235,2080,0
246675545449582_769523996498065,1940,0
246675545449582_770088653108266,2201,0
246675545449582_771362362980895,1982,0
246675545449582_771807216269743,2414,0
246675545449582_772244112892720,1888,0
246675545449582_772275846222880,2288,0
246675545449582_773770656073399,3,0
246675545449582_774284422688689,7,0
246675545449582_777317702385361,1191,0
246675545449582_779064832210648,2404,0
246675545449582_780262915424173,2314,0
246675545449582_781216395328825,2221,0
246675545449582_784561084994356,2260,0
246675545449582_791859134264551,2025,0
246675545449582_794557863994678,2062,0
246675545449582_798726310244500,2264,0
246675545449582_799435806840217,2636,0
246675545449582_805824566201341,2183,0
246675545449582_805837549533376,1995,0
246675545449582_809682555815542,2042,0
246675545449582_813824938734637,1842,0
246675545449582_817144718402659,1092,0
246675545449582_818063408310790,1916,0
246675545449582_818476788269452,1898,0
246675545449582_820805791369885,1081,0
246675545449582_821809997936131,1077,0
246675545449582_822235307893600,976,0
246675545449582_828066890643775,1197,0
246675545449582_830075497109581,1270,0
246675545449582_830075900442874,1259,0
246675545449582_830141037103027,2773,0
246675545449582_832158450234619,1218,0
246675545449582_833781690072295,2632,0
246675545449582_833852363398561,1784,0
246675545449582_834896329960831,1774,0
246675545449582_835142086602922,549,0
246675545449582_835434616573669,1419,0
246675545449582_835496209900843,994,0
246675545449582_835993449851119,1080,0
246675545449582_836397676477363,1229,0
246675545449582_836701959780268,1244,0
246675545449582_836745889775875,1,0
246675545449582_836767403107057,948,0
246675545449582_837513706365760,1999,0
246675545449582_837580823025715,991,0
246675545449582_838289926288138,1061,0
246675545449582_838319469618517,974,0
246675545449582_838671536249977,2024,0
246675545449582_839141889536275,963,0
246675545449582_839977796119351,945,0
246675545449582_841214409329023,2799,0
246675545449582_841326809317783,987,0
246675545449582_860430924074038,189,0
246675545449582_862913670492430,103,0
246675545449582_863505077099956,212,0
246675545449582_865399516910512,58,0
246675545449582_869632989820498,152,0
246675545449582_869640513153079,307,0
246675545449582_873097996140664,50,0
246675545449582_873244062792724,100,0
246675545449582_875340042583126,111,0
246675545449582_875461769237620,552,0
246675545449582_881809181936212,140,0
246675545449582_884334441683686,471,0
246675545449582_884854344965029,355,0
246675545449582_888345341282596,304,0
246675545449582_888792861237844,246,0
246675545449582_891062234344240,80,0
246675545449582_898058996977897,629,2
246675545449582_899235046860292,68,3
246675545449582_900376970079433,71,0
246675545449582_901609886622808,40,1
246675545449582_902760309841099,37,0
246675545449582_902788293171634,58,0
246675545449582_902930993157364,43,1
246675545449582_902953523155111,67,1
246675545449582_905484236235373,104,1
246675545449582_905666059550524,110,0
246675545449582_908489692601494,73,0
246675545449582_908654042585059,90,0
246675545449582_910132699103860,26,0
246675545449582_911231945660602,180,0
246675545449582_911240355659761,487,9
246675545449582_911242032326260,323,10
246675545449582_911295978987532,140,0
246675545449582_911790545604742,111,0
246675545449582_911998182250645,350,7
246675545449582_912742465509550,54,1
246675545449582_913567042093759,162,0
246675545449582_918524981597965,147,0
246675545449582_923403614443435,146,0
246675545449582_924472924336504,227,2
246675545449582_925196357597494,180,8
246675545449582_925373837579746,187,1
246675545449582_927415350708928,188,1
246675545449582_928468223936974,148,0
246675545449582_928698933913903,170,2
246675545449582_929734513810345,177,1
246675545449582_930416113742185,44,0
246675545449582_931107977006332,180,1
246675545449582_931728803610916,165,2
246675545449582_931740990276364,63,0
246675545449582_931747876942342,86,1
246675545449582_931752626941867,231,1
246675545449582_932327366884393,136,3
246675545449582_932908520159611,199,0
246675545449582_932980093485787,243,0
246675545449582_933644303419366,39,0
246675545449582_933782113405585,61,0
246675545449582_934135230036940,58,0
246675545449582_935415303242266,106,0
246675545449582_935491066568023,326,1
246675545449582_935522669898196,89,1
246675545449582_937990549651408,210,1
246675545449582_938045592979237,409,4
246675545449582_938171326299997,267,0
246675545449582_938758476241282,217,2
246675545449582_939288599521603,75,0
246675545449582_940496306067499,432,3
246675545449582_940589126058217,534,5
246675545449582_941745542609242,79,1
246675545449582_945977728852690,360,28
246675545449582_946699032113893,48,0
246675545449582_947757962008000,107,1
246675545449582_948363195280810,124,2
246675545449582_948967595220370,141,0
246675545449582_949590641824732,74,0
246675545449582_950185015098628,89,2
246675545449582_957391724377957,370,5
246675545449582_961040807346382,921,18
246675545449582_961729627277500,378,1
246675545449582_971170689666727,404,2
246675545449582_979104498873346,174,8
246675545449582_979885158795280,928,12
246675545449582_981134415337021,220,55
246675545449582_982394481877681,303,4
246675545449582_982800611837068,90,0
246675545449582_984202325030230,124,0
246675545449582_984932664957196,103,2
246675545449582_992071914243271,154,1
246675545449582_993199927463803,53,1
246675545449582_993383944112068,114,11
246675545449582_996124013838061,170,1
246675545449582_997947913655671,178,3
614855718638584_649334728524016,370,90
614855718638584_649383875185768,115,55
614855718638584_650020015122154,394,101
614855718638584_650189408438548,10,0
614855718638584_650212075102948,287,74
614855718638584_650917581699064,189,48
614855718638584_650928331697989,6,0
614855718638584_651424914981664,288,85
614855718638584_651451711645651,8,1
614855718638584_651592168298272,24,0
614855718638584_651618941628928,7,0
614855718638584_651626514961504,23,0
614855718638584_651646258292863,13,0
614855718638584_652139731576849,18,0
614855718638584_652152301575592,197,59
614855718638584_652317524892403,241,95
614855718638584_652319811558841,0,0
614855718638584_652321711558651,9,0
614855718638584_652836964840459,30,0
614855718638584_652869934837162,13,0
614855718638584_652898081501014,10,0
614855718638584_653003591490463,120,35
614855718638584_653034401487382,20,0
614855718638584_653046701486152,179,28
614855718638584_653059518151537,9,0
614855718638584_653088144815341,12,0
614855718638584_653755181415304,21,0
614855718638584_653767774747378,17,0
614855718638584_653790598078429,23,0
614855718638584_654982517959237,166,72
614855718638584_655704434553712,25,0
614855718638584_655718721218950,20,0
614855718638584_656398754484280,233,71
614855718638584_656435104480645,135,49
614855718638584_657102341080588,182,52
614855718638584_657111107746378,31,0
614855718638584_657139297743559,11,0
614855718638584_657291671061655,14,0
614855718638584_658026760988146,20,0
614855718638584_658194157638073,5,0
614855718638584_658221737635315,23,0
614855718638584_658720187585470,3,0
614855718638584_658721287585360,241,132
614855718638584_658864140904408,25,1
614855718638584_658874127570076,38,0
614855718638584_658917784232377,207,57
614855718638584_659568704167285,268,64
614855718638584_660117964112359,412,147
614855718638584_660135327443956,39,0
614855718638584_660285427428946,275,111
614855718638584_660288854095270,35,0
614855718638584_660332857424203,10,0
614855718638584_660928557364633,248,77
614855718638584_661015154022640,292,124
614855718638584_661339897323499,33,0
614855718638584_661353727322116,307,98
614855718638584_661370033987152,17,0
614855718638584_661396957317793,15,0
614855718638584_661913563932799,45,0
614855718638584_662085017248987,413,120
614855718638584_662089490581873,36,0
614855718638584_662116380579184,31,0
614855718638584_662137653910390,18,0
614855718638584_662164777241011,20,1
614855718638584_662792640511558,23,0
614855718638584_662954463828709,306,74
614855718638584_663029190487903,29,0
614855718638584_663645920426230,18,0
614855718638584_663659100424912,17,0
614855718638584_663834237074065,17,0
614855718638584_663837017073787,11,0
614855718638584_664419390348883,217,119
614855718638584_664428803681275,17,0
614855718638584_664449830345839,7,0
614855718638584_664564390334383,24,0
614855718638584_664589253665230,25,0
614855718638584_665048976952591,34,0
614855718638584_665703056887183,325,109
614855718638584_665710440219778,5,0
614855718638584_665920573532098,22,0
614855718638584_666428030148019,4,0
614855718638584_666558183468337,38,1
614855718638584_666570553467100,15,1
614855718638584_666590233465132,42,2
614855718638584_667122673411888,339,74
614855718638584_667455506711938,23,1
614855718638584_668188089972013,389,145
614855718638584_668485499942272,36,0
614855718638584_668508506606638,248,60
614855718638584_669485643175591,32,0
614855718638584_669517446505744,151,43
614855718638584_670194086438080,13,0
614855718638584_670416879749134,85,1
614855718638584_670448919745930,24,0
614855718638584_670463706411118,79,0
614855718638584_670478049743017,50,0
614855718638584_670531536404335,23,0
614855718638584_671150346342454,169,234
614855718638584_671152983008857,8,1
614855718638584_671159486341540,23,0
614855718638584_671461026311386,43,0
614855718638584_672095952914560,322,112
614855718638584_672104586247030,34,1
614855718638584_672146792909476,19,0
614855718638584_672355622888593,249,87
614855718638584_672386619552160,33,1
614855718638584_672465209544301,15,1
614855718638584_672608192863336,50,0
614855718638584_673138292810326,34,0
614855718638584_673200212804134,135,58
614855718638584_673219109468911,12,1
614855718638584_673390062785149,8,0
614855718638584_673390092785146,36,1
614855718638584_673478632776292,8,1
614855718638584_674091196048369,160,44
614855718638584_674123099378512,11,0
614855718638584_675039079286914,54,0
614855718638584_675085889282233,46,0
614855718638584_675119645945524,26,0
614855718638584_675280799262742,226,64
614855718638584_676309049159917,29,0
614855718638584_676391625818326,18,0
614855718638584_677024562421699,337,152
614855718638584_677031752420980,45,0
614855718638584_677083879082434,10,0
614855718638584_677920218998800,17,1
614855718638584_677984948992327,83,2
614855718638584_678193478971474,44,1
614855718638584_678919985565490,16,0
614855718638584_678925212231634,12,0
614855718638584_679131002211055,61,0
614855718638584_679213205536168,18,0
614855718638584_679902888800533,15,0
614855718638584_680070718783750,432,164
614855718638584_680850822039073,5,0
614855718638584_681681168622705,283,86
614855718638584_681682011955954,7,0
614855718638584_681706275286861,13,0
614855718638584_681742635283225,12,0
614855718638584_682462171877938,20,0
614855718638584_682568378533984,109,44
614855718638584_682583508532471,11,0
614855718638584_682858861838269,21,0
614855718638584_683467965110692,27,0
614855718638584_683677385089750,170,53
614855718638584_684613778329444,19,0
614855718638584_685124731611682,18,0
614855718638584_685224611601694,287,102
614855718638584_686025184854970,11,0
614855718638584_686081891515966,22,0
614855718638584_686103318180490,29,1
614855718638584_686971511427004,2,0
614855718638584_686972711426884,13,1
614855718638584_687186904738798,16,0
614855718638584_687916481332507,12,0
614855718638584_688405724616916,5,0
614855718638584_688413604616128,28,0
614855718638584_688459421278213,39,0
614855718638584_688504837940338,4,0
614855718638584_688507851273370,16,0
614855718638584_688522104605278,23,0
614855718638584_688642337926588,291,114
614855718638584_689198114537677,7,0
614855718638584_691501267640695,19,1
614855718638584_692116740912481,266,90
614855718638584_692385357552286,21,1
614855718638584_693026580821497,15,0
614855718638584_694234447367377,6,0
614855718638584_696599107130911,440,166
614855718638584_697395097051312,81,1
614855718638584_697708657019956,13,1
614855718638584_698690350255120,237,85
614855718638584_699454316845390,9,0
614855718638584_700358343421654,277,94
614855718638584_700653703392118,14,1
614855718638584_701295849994570,29,0
614855718638584_702213883236100,26,0
614855718638584_702242306566591,21,0
614855718638584_703046973152791,229,79
614855718638584_703950869729068,239,68
614855718638584_704021159722039,49,0
614855718638584_705811916209630,21,0
614855718638584_705823412875147,26,0
614855718638584_708863972571091,316,132
614855718638584_709599259164229,257,107
614855718638584_709825255808296,168,65
614855718638584_710502255740596,252,52
614855718638584_710578409066314,10,0
614855718638584_710755205715301,345,103
614855718638584_711453445645477,237,66
614855718638584_711704852287003,225,76
614855718638584_713414022116086,17,0
614855718638584_713434572114031,29,0
614855718638584_714291028695052,238,93
614855718638584_714362448687910,22,0
614855718638584_715235385267283,27,0
614855718638584_716007138523441,47,2
614855718638584_716436295147192,37,0
614855718638584_717002211757267,136,47
614855718638584_717993308324824,129,19
614855718638584_718193288304826,7,0
614855718638584_719001288224026,110,20
614855718638584_719192834871538,172,1
614855718638584_719409324849889,180,28
614855718638584_720371988086956,170,26
614855718638584_722061057918049,108,31
614855718638584_722081231249365,10,0
614855718638584_722337107890444,19,0
614855718638584_724080111049477,170,58
614855718638584_726675650789923,199,30
614855718638584_727619520695536,19,0
614855718638584_727688914021930,242,119
614855718638584_727941130663375,239,66
614855718638584_728649257259229,113,13
614855718638584_728655890591899,14,0
614855718638584_730396473751174,12,0
614855718638584_730515400405948,18,0
614855718638584_730729210384567,52,0
614855718638584_733182296805925,203,65
614855718638584_735075173283304,201,51
614855718638584_735938303196991,24,0
614855718638584_737027946421360,236,71
614855718638584_737998762990945,230,60
614855718638584_738995426224612,30,0
614855718638584_739059136218241,34,0
614855718638584_740272756096879,178,63
614855718638584_740372422753579,35,0
614855718638584_741042746019880,180,56
614855718638584_741291685994986,188,57
614855718638584_742064599251028,200,82
614855718638584_742084639249024,13,0
614855718638584_742333342557487,182,71
614855718638584_743414172449404,30,0
614855718638584_744100492380772,149,48
614855718638584_744114382379383,41,0
614855718638584_747038938753594,133,72
614855718638584_749129165211238,18,0
614855718638584_750384465085708,163,36
614855718638584_752154021575419,219,42
614855718638584_752417334882421,207,78
614855718638584_753152861475535,172,61
614855718638584_753207571470064,5,0
614855718638584_753465384777616,71,0
614855718638584_754491631341658,42,0
614855718638584_755681134556041,46,0
614855718638584_756658721124949,156,38
614855718638584_757485237708964,194,63
614855718638584_758949327562555,38,0
614855718638584_759805040810317,21,0
614855718638584_761135857343902,218,31
614855718638584_762241930566628,144,50
614855718638584_762326133891541,19,0
614855718638584_763013967156091,25,0
614855718638584_763407627116725,125,24
614855718638584_764536963670458,157,67
614855718638584_765355560255265,98,22
614855718638584_765660346891453,154,159
614855718638584_766474093476745,226,78
614855718638584_766865743437580,48,0
614855718638584_767915859999235,27,0
614855718638584_771153439675477,202,51
614855718638584_772221892901965,22,0
614855718638584_774021899388631,143,37
614855718638584_774960969294724,7,0
614855718638584_775121852611969,29,0
614855718638584_777384082385746,155,37
614855718638584_778121992311955,115,32
614855718638584_780135428777278,150,34
614855718638584_780465852077569,26,0
614855718638584_781378401986314,148,38
614855718638584_782134241910730,164,30
614855718638584_783400835117404,122,32
614855718638584_785279428262878,186,33
614855718638584_785619868228834,38,0
614855718638584_787454298045391,17,0
614855718638584_787742848016536,21,0
614855718638584_789504601173694,104,24
614855718638584_796091077181713,25,0
614855718638584_796116307179190,21,0
614855718638584_797888607001960,146,31
614855718638584_800392860084868,173,117
614855718638584_801179356672885,163,46
614855718638584_802207083236779,209,33
614855718638584_803324343125053,145,20
614855718638584_803330886457732,57,0
614855718638584_804685642988923,214,234
614855718638584_805765709547583,218,40
614855718638584_806797919444362,219,52
614855718638584_807532329370921,213,69
614855718638584_807548646035956,24,0
614855718638584_808575292599958,221,85
614855718638584_808893372568150,29,0
614855718638584_810588832398604,263,40
614855718638584_811604348963719,20,0
614855718638584_811659808958173,43,1
614855718638584_812662365524584,113,31
614855718638584_812696432187844,22,0
614855718638584_813704928753661,195,64
614855718638584_814000925390728,214,119
614855718638584_814086752048812,29,0
614855718638584_815105385280282,47,0
614855718638584_815856568538497,144,53
614855718638584_816830845107736,157,46
614855718638584_817849878339166,122,24
614855718638584_818101108314043,145,159
614855718638584_819200034870817,26,1
614855718638584_819883661469121,110,32
614855718638584_820755321381955,51,0
614855718638584_822898577834296,102,38
614855718638584_825171014273719,43,0
614855718638584_825755344215286,20,0
614855718638584_828146873976133,165,43
614855718638584_828757970581690,9,0
614855718638584_828781930579294,0,0
614855718638584_829137150543772,46,11
614855718638584_829148537209300,24,0
614855718638584_831180143672806,14,0
614855718638584_832173073573513,126,36
614855718638584_832971570160330,10,0
614855718638584_833072630150224,12,0
614855718638584_833085586815595,38,0
614855718638584_833200036804150,19,0
614855718638584_833224366801717,14,0
614855718638584_834080733382747,30,0
614855718638584_834087946715359,33,0
614855718638584_834221553368665,147,21
614855718638584_834245260032961,22,0
614855718638584_834269410030546,14,0
614855718638584_834452256678928,86,0
614855718638584_834991599958327,256,77
614855718638584_834999333290887,7,0
614855718638584_835000509957436,6,0
614855718638584_835043073286513,8,0
614855718638584_835113796612774,23,0
614855718638584_835289893261831,9,0
614855718638584_835341003256720,15,0
614855718638584_835372159920271,30,0
614855718638584_835902769867210,14,0
614855718638584_836023606521793,208,68
614855718638584_836025779854909,48,0
614855718638584_836035769853910,18,0
614855718638584_836145146509639,23,0
614855718638584_836151389842348,19,0
614855718638584_836429916481162,17,0
614855718638584_836452376478916,41,0
614855718638584_837160356408118,15,0
614855718638584_837234943067326,12,0
614855718638584_837253669732120,23,0
614855718638584_837363239721163,63,0
614855718638584_838089589648528,206,68
614855718638584_838099539647533,16,0
614855718638584_838128642977956,20,0
614855718638584_838173036306850,30,0
614855718638584_838344136289740,33,0
614855718638584_838354282955392,14,1
614855718638584_839109469546540,12,0
614855718638584_839354032855417,35,0
614855718638584_839393649518122,24,0
614855718638584_839416929515794,14,0
614855718638584_839969202793900,32,1
614855718638584_840127052778115,27,0
614855718638584_840143476109806,11,0
614855718638584_840192116104942,14,0
614855718638584_841339819323505,63,0
614855718638584_841381705985983,39,0
614855718638584_841981445926009,6,0
614855718638584_842129635911190,10,0
614855718638584_842173855906768,16,0
614855718638584_842346989222788,10,0
614855718638584_842940292496791,41,0
614855718638584_843087455815408,57,0
614855718638584_843147472476073,18,0
614855718638584_843345479122939,34,0
614855718638584_843369282453892,11,0
614855718638584_843386972452123,20,0
614855718638584_843985939058893,15,0
614855718638584_844011919056295,17,0
614855718638584_844172305706923,9,0
614855718638584_844187412372079,15,0
614855718638584_844395309017956,62,0
614855718638584_844427805681373,18,0
614855718638584_844442295679924,21,1
614855718638584_845054192285401,27,0
614855718638584_845073315616822,8,0
614855718638584_845189895605164,18,0
614855718638584_845238158933671,13,0
614855718638584_845310818926405,22,0
614855718638584_845425575581596,156,31
614855718638584_845429758914511,60,0
614855718638584_846070285517125,25,0
614855718638584_846102855513868,17,0
614855718638584_846182945505859,15,0
614855718638584_846200305504123,21,0
614855718638584_846439258813561,35,0
614855718638584_846481795475974,13,0
614855718638584_847047255419428,46,0
614855718638584_847193868738100,3,0
614855718638584_848094948647992,29,0
614855718638584_848102925313861,38,0
614855718638584_848258378631649,26,0
614855718638584_848270658630421,37,1
614855718638584_848455638611923,181,40
614855718638584_849117991879021,36,0
614855718638584_849265218530965,25,0
614855718638584_849533481837472,6,0
614855718638584_849564348501052,11,0
614855718638584_850279055096248,58,0
614855718638584_850338681756952,24,0
614855718638584_850459611744859,63,0
614855718638584_850470818410405,14,0
614855718638584_850490085075145,35,0
614855718638584_850512775072876,12,0
614855718638584_850551731735647,11,0
614855718638584_850826315041522,19,0
614855718638584_851428551647965,50,1
614855718638584_851436491647171,20,0
614855718638584_851603014963852,12,0
614855718638584_851666554957498,27,0
614855718638584_851840274940126,63,15
614855718638584_851866374937516,23,0
614855718638584_851937614930392,19,0
614855718638584_852682288189258,259,105
614855718638584_852692161521604,23,0
614855718638584_852953831495437,64,0
614855718638584_852962078161279,14,0
614855718638584_852979681492852,27,0
614855718638584_853637514760402,16,0
614855718638584_853659371424883,11,0
614855718638584_853808434743310,20,0
614855718638584_853833711407449,41,0
614855718638584_853871868070300,16,0
614855718638584_854041884719965,18,0
614855718638584_855349864589167,19,0
614855718638584_855485821242238,27,0
725980084255106_736080993245015,140,3
725980084255106_736653443187770,119,2
725980084255106_736854049834376,93,1
725980084255106_737119509807830,78,0
725980084255106_737512979768483,120,0
725980084255106_737706283082486,115,1
725980084255106_739366516249796,439,1
725980084255106_740302199489561,431,4
725980084255106_740752239444557,396,3
725980084255106_746691978850583,111,0
725980084255106_810790982440682,1145,4
725980084255106_822109934642120,679,0
725980084255106_824531671066613,1393,7
725980084255106_829056053947508,580,4
725980084255106_831061300413650,188,2
725980084255106_831646177021829,1491,9
725980084255106_831816667004780,2639,529
725980084255106_833486513504462,1168,161
725980084255106_833490950170685,272,1
725980084255106_835497449970035,2101,18
725980084255106_836244516561995,317,1
725980084255106_836814979838282,2033,409
725980084255106_836854643167649,227,0
725980084255106_838377093015404,403,2
725980084255106_838382616348185,392,1
725980084255106_838415599678220,234,3
725980084255106_839027146283732,1874,390
725980084255106_839596642893449,206,3
725980084255106_841076602745453,1394,8
725980084255106_843590889160691,359,3
725980084255106_844578702395243,1712,349
725980084255106_850603161792797,952,3
725980084255106_851111265075320,147,0
725980084255106_851788711674242,98,1
725980084255106_851792388340541,721,56
725980084255106_852017848317995,855,6
725980084255106_852088168310963,369,0
725980084255106_852193248300455,238,2
725980084255106_853129021540211,1886,403
725980084255106_853674071485706,1166,316
725980084255106_857193994467047,1228,251
725980084255106_860707137449066,1970,264
725980084255106_862756103910836,1372,320
725980084255106_863212480531865,1758,376
725980084255106_863296823856764,1554,326
725980084255106_863708733815573,1309,173
725980084255106_864110057108774,350,4
725980084255106_864339847085795,1309,85
725980084255106_864711063715340,1290,146
725980084255106_865318383654608,1503,329
725980084255106_865743260278787,1334,306
725980084255106_865857623600684,260,2
725980084255106_866479466871833,1741,485
725980084255106_867649573421489,1959,200
725980084255106_867756763410770,1126,133
725980084255106_869598806559899,1355,120
725980084255106_871192156400564,1380,202
725980084255106_871273223059124,1215,161
725980084255106_874067369446376,355,0
725980084255106_874145316105248,958,96
725980084255106_876239095895870,1405,221
725980084255106_876815935838186,1360,276
725980084255106_877523355767444,875,95
725980084255106_878164365703343,795,121
725980084255106_878303812356065,1143,160
725980084255106_878841032302343,1179,145
725980084255106_878931712293275,993,81
725980084255106_879542028898910,1304,8
725980084255106_879566295563150,799,4
819700534875473_1000607730118085,1704,14
819700534875473_1001982519980606,255,6
819700534875473_951614605017398,985,5
819700534875473_953048221540703,1985,11
819700534875473_954387151406810,186,3
819700534875473_954387151406810,186,3
819700534875473_955793427932849,1168,15
819700534875473_956769714501887,547,6
819700534875473_957599447752247,157,1
819700534875473_957697307742461,488,4
819700534875473_958291217683070,86,2
819700534875473_960466324132226,614,7
819700534875473_963754250470100,251,0
819700534875473_966629653515893,95,2
819700534875473_966878030157722,4114,34
819700534875473_967787160066809,4315,36
819700534875473_972433889602136,1271,11
819700534875473_972433889602136,1271,11
819700534875473_976401089205416,2635,17
819700534875473_983794271799431,1957,23
819700534875473_990066331172225,791,12
819700534875473_991757311003127,1627,15
819700534875473_993602007485324,231,3
819700534875473_993975437447981,532,29
819700534875473_995218893990302,133,6
819700534875473_995218893990302,133,6
819700534875473_998824716963053,336,5
848451358648417_852973601529526,0,0
848451358648417_852982348195318,2,0
848451358648417_853021708191382,2,0
848451358648417_853432714816948,106,12
848451358648417_853437141483172,1,0
848451358648417_853617374798482,1,0
848451358648417_853647204795499,2,0
848451358648417_854679568025596,300,33
848451358648417_854695121357374,5,0
848451358648417_855136337979919,1,0
848451358648417_855165257977027,3,0
848451358648417_855217341305152,103,15
848451358648417_855246967968856,3,0
848451358648417_855263951300491,3,0
848451358648417_855744137919139,90,16
848451358648417_855801881246698,13,0
848451358648417_856382231188663,2,0
848451358648417_856810164479203,5,0
848451358648417_858415020985384,12,0
848451358648417_858487174311502,0,0
848451358648417_858498380977048,0,0
848451358648417_858509134309306,0,0
848451358648417_858949364265283,6,0
848451358648417_858977790929107,8,0
848451358648417_859000347593518,0,0
848451358648417_859528984207321,1,0
848451358648417_860612234098996,2,0
848451358648417_860623780764508,7,0
848451358648417_861168837376669,3,0
848451358648417_861199917373561,3,0
848451358648417_862777290549157,2,0
848451358648417_862810447212508,2,0
848451358648417_863285960498290,2,0
848451358648417_863310390495847,2,0
848451358648417_863804080446478,3,0
848451358648417_863853877108165,8,0
848451358648417_865423370284549,3,0
848451358648417_866061840220702,1,0
848451358648417_866114640215422,1,0
848451358648417_866559560170930,2,0
848451358648417_867096626783890,103,16
848451358648417_867144646779088,83,9
848451358648417_867153266778226,2,0
848451358648417_867163240110562,1,0
848451358648417_867181306775422,3,0
848451358648417_867541823406037,88,16
848451358648417_867553443404875,6,1
848451358648417_867579730068913,3,0
848451358648417_867671520059734,1,0
848451358648417_868210610005825,133,12
848451358648417_868215756671977,0,0
848451358648417_868271266666426,10,0
848451358648417_868389506654602,1,0
848451358648417_868399759986910,3,0
848451358648417_869330576560495,182,35
848451358648417_869372883222931,1,0
848451358648417_870066533153566,47,4
848451358648417_870140769812809,3,0
848451358648417_871268483033371,8,0
848451358648417_871317463028473,5,0
848451358648417_871842869642599,5,0
848451358648417_871943896299163,1,0
848451358648417_872314672928752,1,0
848451358648417_872918219535064,10,0
848451358648417_873449512815268,11,0
848451358648417_873484629478423,1,0
848451358648417_875004635993089,5,0
848451358648417_876113579215528,2,0
848451358648417_876138229213063,1,0
848451358648417_876655925827960,9,0
848451358648417_880949322065287,5,0
848451358648417_880976078729278,3,0
848451358648417_881480032012216,4,0
848451358648417_881981008628785,2,0
848451358648417_885393514954201,5,1
848451358648417_886618054831747,2,0
848451358648417_887200711440148,1,0
848451358648417_887763101383909,1,0
848451358648417_890646064428946,0,0
848451358648417_891619797664906,1,0
848451358648417_892266597600226,6,0
848451358648417_894456907381195,11,1
848451358648417_895127177314168,2,0
848451358648417_895245590635660,1,0
848451358648417_896494573844095,2,0
848451358648417_898983183595234,1,0
848451358648417_903770393116513,4,0
848451358648417_905573269602892,0,0
848451358648417_906669359493283,5,0
848451358648417_914013685425517,5,0
848451358648417_915289305297955,3,1
848451358648417_915341491959403,1,0
848451358648417_915382815288604,0,0
848451358648417_916012145225671,4,1
848451358648417_917898091703743,4,0
848451358648417_918491131644439,3,0
848451358648417_919159421577610,0,0
848451358648417_919575748202644,1,0
848451358648417_919635244863361,64,7
848451358648417_919683291525223,2,0
848451358648417_920248068135412,2,0
848451358648417_921684757991743,1,0
848451358648417_924296694397216,0,0
848451358648417_924877614339124,0,0
848451358648417_929880430505509,0,0
848451358648417_932782973548588,0,0
848451358648417_934627926697426,0,0
848451358648417_934981116662107,4,0
848451358648417_935684686591750,10,0
848451358648417_936624926497726,12,0
848451358648417_938071153019770,1,0
848451358648417_939632946196924,2,0
848451358648417_942418609251691,2,0
848451358648417_950656015094617,3,0
848451358648417_951262018367350,2,0
848451358648417_951989774961241,0,0
848451358648417_957021771124708,0,0
848451358648417_958058844354334,4,0
848451358648417_958167124343506,2,0
848451358648417_958830154277203,5,0
848451358648417_959249707568581,3,0
848451358648417_959737110853174,0,0
848451358648417_961008297392722,0,0
848451358648417_962905493869669,1,0
848451358648417_963452587148293,0,0
848451358648417_963997343760484,0,0
848451358648417_964012613758957,0,0
848451358648417_965744920252393,0,0
848451358648417_966883433471875,2,0
848451358648417_967863710040514,2,0
848451358648417_968586716634880,5,1
848451358648417_969542806539271,0,0
848451358648417_970118009815084,1,0
848451358648417_971101979716687,1,0
848451358648417_971772712982947,0,0
848451358648417_972299779596907,0,0
848451358648417_972821396211412,0,0
848451358648417_973903299436555,2,0
848451358648417_974497706043781,1,0
848451358648417_976221575871394,0,0
